type,name,module,path,hash
"yaml","manifest","_config","_config/manifest.yaml","b025f6b379466bc201c46def83f9db6c705361c62c9f327af64f876006105a05"
"csv","module-help","bmb","bmb/bmad-bmb-setup/assets/module-help.csv","b020c8e50d17320ed661bd50d67829bf4b9602ed3db69565f1c1dd2cc92fb8f3"
"csv","module-help","bmb","bmb/bmad-module-builder/assets/setup-skill-template/assets/module-help.csv","c1b5f6c5aed4c2367d9def8e564b81a56a2da2959a4899333113033e36b69e62"
"csv","module-help","bmb","bmb/module-help.csv","fe5c030134a6019d6a8c9e609ca6c196cd5f469aac8b9711145257a966f14b7e"
"html","report-shell","bmb","bmb/bmad-agent-builder/assets/report-shell.html","acda4027b9fe73e46f0a008d45060e9a80866e7d476e33b0ba60b88cf902d994"
"html","report-shell","bmb","bmb/bmad-workflow-builder/assets/report-shell.html","3e617ca5e6e9ccbf434c3abd9870a7c39dfe0a67b65671ac1c0670582a13dd16"
"md","agent-quality-principles","bmb","bmb/bmad-agent-builder/references/agent-quality-principles.md","dea473012ef0e92071bead5ec1ad8881036fbe1dc679e32aae65716f2a3f0955"
"md","agent-type-guidance","bmb","bmb/bmad-agent-builder/references/agent-type-guidance.md","66ea9b32aec446a877320bee98bb650a6ed24bb1bf372f3f7104825f7e82e240"
"md","BOND-template","bmb","bmb/bmad-agent-builder/assets/BOND-template.md","6b6a6b6db52868f5d4b4de39e529a0c1a63a0e7776645ebeb21cda88ea510237"
"md","build-process","bmb","bmb/bmad-agent-builder/references/build-process.md","b54621e0c391d5f96c2a904d61b52c24eac04b9991dcea0ccfc7b1bf0f43d48a"
"md","build-process","bmb","bmb/bmad-workflow-builder/references/build-process.md","5fc8e8751d9c34ea14876861d5680ce7e3474841d0211eb546321f25cf6ca472"
"md","CAPABILITIES-template","bmb","bmb/bmad-agent-builder/assets/CAPABILITIES-template.md","8f528909b8ff2a96041de516f26e0c0c425371147a576548f130f9fef34edcd2"
"md","capability-authoring-template","bmb","bmb/bmad-agent-builder/assets/capability-authoring-template.md","c26b1cacea3f6c05c70984d4a8a96f7e44e7828962e19a79b2e9ebe54ebd6b4a"
"md","complex-workflow-patterns","bmb","bmb/bmad-workflow-builder/references/complex-workflow-patterns.md","ac5ea1556a17ccb2829520c047a88f21e9b0c7b51b4f638e8e55d22337184413"
"md","create-module","bmb","bmb/bmad-module-builder/references/create-module.md","66949ddae75a4619262f9caaeaa429fb2d5f7c83ee325ff317d59b392a995949"
"md","CREED-template","bmb","bmb/bmad-agent-builder/assets/CREED-template.md","7a98a8fa24503a920c4b70b25d6990401e4fcedd579e2350f29aa74ee250db41"
"md","customize-toml-guide","bmb","bmb/bmad-workflow-builder/references/customize-toml-guide.md","5aafd9f3d087b296b13ed7c30e5699c522a0947a92b4ff631bc8a21bf0c432e6"
"md","edit-guidance","bmb","bmb/bmad-agent-builder/references/edit-guidance.md","b5eeeee71806562ed657e17c4619060136ab63ca77595fdf2074f4443ad0fe9f"
"md","first-breath-adaptation-guidance","bmb","bmb/bmad-agent-builder/references/first-breath-adaptation-guidance.md","67d68e55a19b827e23ba1afa241c08a2dd421ea951ccb5cd265b3839df5c1216"
"md","first-breath-config-template","bmb","bmb/bmad-agent-builder/assets/first-breath-config-template.md","54984a19b317265e972f2a9e61dbcbc8a26ad478e2c359c4a85cd238d798c0bb"
"md","first-breath-template","bmb","bmb/bmad-agent-builder/assets/first-breath-template.md","74cf7e0259e91dbfb5c04e1acd14a106655d616abebe2f9ea9f1598d85034f19"
"md","ideate-module","bmb","bmb/bmad-module-builder/references/ideate-module.md","d173a9c9d19095835d92b3fb269a198fab34378ed14dbf72ee6f503a5ffd00b3"
"md","INDEX-template","bmb","bmb/bmad-agent-builder/assets/INDEX-template.md","8b73dc1a25711967c350050fc517c3d18c4c555ef5be06d07a20cde1a7287814"
"md","lens-contract","bmb","bmb/bmad-agent-builder/references/lens-contract.md","b06aeae1aaeaca58befa242419434019fa9601126385b443848a6b9ac1121199"
"md","lens-contract","bmb","bmb/bmad-workflow-builder/references/lens-contract.md","0d3a8289cf90549f929e95f692f5682a5374cf40a3121318a5bb5f65a4c852dd"
"md","memory-guidance-template","bmb","bmb/bmad-agent-builder/assets/memory-guidance-template.md","6aff9f3ee39041c005eb31282f4300a9e5367740a1f5ba423104ee5510ce494b"
"md","MEMORY-template","bmb","bmb/bmad-agent-builder/assets/MEMORY-template.md","c26e2e3db18be36dace47a1791b1536b6e88ce193398005cbc942e4effa2db9b"
"md","mission-writing-guidance","bmb","bmb/bmad-agent-builder/references/mission-writing-guidance.md","d76986a343d146978f56f4038814ba09e5978c4ff62e67dfb138c87986277d37"
"md","module-plan-template","bmb","bmb/bmad-module-builder/assets/module-plan-template.md","1ab3311c310cc7127f9d227d7904f1e5f73f956593370c892e5cba0ae5df830e"
"md","module-setup","bmb","bmb/bmad-module-builder/assets/standalone-module-template/module-setup.md","936dd19fb29231b6f154d1f87707e50fb38cb1fa3855d3e354d7070f4146d3b1"
"md","PERSONA-template","bmb","bmb/bmad-agent-builder/assets/PERSONA-template.md","0b0d7fb452894a8d95c4f6a0b5e36eefa8c8927fb9756817e43afa46fd8bf528"
"md","producing-workflow-patterns","bmb","bmb/bmad-workflow-builder/references/producing-workflow-patterns.md","055fdfaa7571758f35ba1f84421ad008388d4366c1b6958af9f2595dacd2ca03"
"md","prompt-quality-canon","bmb","bmb/bmad-agent-builder/assets/prompt-quality-canon.md","a9c27fa16aa95a62503a9199397714a4a3b365e55235cab06143e73739d16acf"
"md","prompt-quality-canon","bmb","bmb/bmad-agent-builder/references/prompt-quality-canon.md","a9c27fa16aa95a62503a9199397714a4a3b365e55235cab06143e73739d16acf"
"md","prompt-quality-canon","bmb","bmb/bmad-workflow-builder/references/prompt-quality-canon.md","a9c27fa16aa95a62503a9199397714a4a3b365e55235cab06143e73739d16acf"
"md","PULSE-template","bmb","bmb/bmad-agent-builder/assets/PULSE-template.md","2ca5004b856bbd6296a2a376fa07d8dc85738495b7f7e61b3693ec073ef6f05a"
"md","quality-analysis","bmb","bmb/bmad-agent-builder/references/quality-analysis.md","9c9fbf631b66933258a34940cfdb53dc1b4360d1d8f77bbb0c9519ffac83a479"
"md","sample-capability-authoring","bmb","bmb/bmad-agent-builder/references/sample-capability-authoring.md","d887b8668828bb82b9f20130e825156d2b093e58e42b3ea750006a657381ed97"
"md","sample-capability-prompt","bmb","bmb/bmad-agent-builder/references/sample-capability-prompt.md","1c8aa08ef7258336aa14bfda25f837bf69dccf917c4326b821ec557ea1a22c0f"
"md","scan-agent-cohesion","bmb","bmb/bmad-agent-builder/references/scan-agent-cohesion.md","b86675ef0fa1e20412b60b98daa4b100b8263c6ef2ece328c8443cef9bf27102"
"md","scan-architecture","bmb","bmb/bmad-agent-builder/references/scan-architecture.md","6cdf0cfffb1f4ff715da576cb103c65e79443adf7ecba7f7f28519c614a55869"
"md","scan-architecture","bmb","bmb/bmad-workflow-builder/references/scan-architecture.md","e1007d412457e83dd4e2d942c3c45dd9c49aadc0131800c920e1f538e77ef409"
"md","scan-customization","bmb","bmb/bmad-agent-builder/references/scan-customization.md","e3d9da52e15fc5e3a08931169a25d7ec9f7bcd78dae3f3a9c0f9d9292ad0b110"
"md","scan-customization","bmb","bmb/bmad-workflow-builder/references/scan-customization.md","ae4e4b9785445f63e6899c784fa16e71949e4e0c47ac362c910b12981b805c86"
"md","scan-determinism","bmb","bmb/bmad-agent-builder/references/scan-determinism.md","9e3cd8d9daa05c7ad2dd726b8491d1b0683bb73dbbe5da0bccbb3838a4a275cd"
"md","scan-determinism","bmb","bmb/bmad-workflow-builder/references/scan-determinism.md","5c7892b2754ac6fac35884c4a7cd18627e2f6821a9dc38bc517f606930d3e7a1"
"md","scan-enhancement","bmb","bmb/bmad-agent-builder/references/scan-enhancement.md","e5ee168b4db85fc2400d8a7a3da23d593eff9946c2a380785e78b6de26f80069"
"md","scan-enhancement","bmb","bmb/bmad-workflow-builder/references/scan-enhancement.md","fe5b94646e06484828a13c29fc24f5ef964d3881c4c755b0ed8a5a33996beda9"
"md","scan-leanness","bmb","bmb/bmad-agent-builder/references/scan-leanness.md","3150279cddff4338f2e959dcbedd6c20338fcc4e2f87a5a8aa732d9cf7d37818"
"md","scan-leanness","bmb","bmb/bmad-workflow-builder/references/scan-leanness.md","cce5dafcaa96edefce7e4eb96556bee53c0ccf80efff954ae181254b99ec373c"
"md","scan-orchestration","bmb","bmb/bmad-workflow-builder/references/scan-orchestration.md","c7579671c9de1256db5e7e6de06614343fee2a9774ea36c8314d5ae6631829f5"
"md","scan-sanctum-architecture","bmb","bmb/bmad-agent-builder/references/scan-sanctum-architecture.md","18a8bccc4dae0a891989942e01f6220a566386958d5dc5f8a87584c50f9c2f40"
"md","script-opportunities-reference","bmb","bmb/bmad-agent-builder/references/script-opportunities-reference.md","7d622cb1f9e9bc7dd2f3f79b08fa6b5eead415d401e31b44a31f71cc3f59d831"
"md","script-opportunities-reference","bmb","bmb/bmad-workflow-builder/references/script-opportunities-reference.md","fbe7db533e8fca1af7314ac9bea60aecbe1f77578b427bbd6280c91faf3713d8"
"md","script-standards","bmb","bmb/bmad-agent-builder/references/script-standards.md","996dcb85271dd4422ff0cce1b1c98ad68240d4e78fd6f4f01fb21d9c09862a05"
"md","script-standards","bmb","bmb/bmad-workflow-builder/references/script-standards.md","2aa4503e1239dedc17299902ee32db438883f38f237a512a16056f37de9d4c9c"
"md","SKILL","bmb","bmb/bmad-agent-builder/SKILL.md","2d84ec3cf511752775ccefc59f61907705eee16560e3d7ebbb9152ff6adadd4d"
"md","SKILL","bmb","bmb/bmad-bmb-setup/SKILL.md","fb700f63d665e5b021a10c8eaa881b0a520f1822534df2f4576d699f0ce5e621"
"md","SKILL","bmb","bmb/bmad-module-builder/SKILL.md","344ee5a895878611f0241ad36352d3331871dc204bc6c5efce527927266bf8bc"
"md","SKILL","bmb","bmb/bmad-module-builder/assets/setup-skill-template/SKILL.md","412c9babad984852cf210297bc1089e738f7665e50087b4462f94934b465a3fd"
"md","SKILL","bmb","bmb/bmad-workflow-builder/SKILL.md","74f39f3765917e5a93c9d7591cd4b7d64256cd889ef97f51b7f9d7681709c9ae"
"md","skill-quality-principles","bmb","bmb/bmad-workflow-builder/references/skill-quality-principles.md","d7622b3ccdfcc39edcc557087324a0e24a0d54fd00238e0341f8725ea6669155"
"md","SKILL-template","bmb","bmb/bmad-agent-builder/assets/SKILL-template.md","0f07fb3132c54f8dbb13f028587116cc3ee60cda5c06254b2c1d4aa0f5f319d2"
"md","SKILL-template","bmb","bmb/bmad-workflow-builder/assets/SKILL-template.md","0d1fcb379fa25b3a9595c87422b73287fa156eb09c205ceca9bbb243a0bdc330"
"md","SKILL-template-bootloader","bmb","bmb/bmad-agent-builder/assets/SKILL-template-bootloader.md","0af19700d08a262ac3b89eb3a4a679d3ad5ee0e879a60a7531390bce0f6f78f9"
"md","standard-fields","bmb","bmb/bmad-agent-builder/references/standard-fields.md","9a6eccf50c16c23b239eddfd2db738395a71086cf410f597accd90810e90eb09"
"md","standard-fields","bmb","bmb/bmad-workflow-builder/references/standard-fields.md","ef648182624aeed07483053c3837ee721209538da7000dca121138fbe6ce6364"
"md","standing-order-guidance","bmb","bmb/bmad-agent-builder/references/standing-order-guidance.md","3e50e89d3f1bf2620b9532135ab33e3c3bb8433797edd79be7a096b6c8fc0f84"
"md","template-substitution-rules","bmb","bmb/bmad-agent-builder/references/template-substitution-rules.md","a97039101ca3eb2d13f5b936dd80b42e32c81921c42637587e39005b54babdda"
"md","validate-module","bmb","bmb/bmad-module-builder/references/validate-module.md","31ec64ac8e667bc94befc0ab019e506c1c2150403e6c90a92f329db43fdf6853"
"md","working-state-patterns","bmb","bmb/bmad-workflow-builder/references/working-state-patterns.md","d5870be0dacec8dcdce8f663024cf48133a50754f08243d453f0c06c03fcc3e5"
"py","cleanup-legacy","bmb","bmb/bmad-bmb-setup/scripts/cleanup-legacy.py","dd7ed76e40d042c7234a4a5091fb5e2dec4533a1a59f86cd47be5345fe7cc752"
"py","cleanup-legacy","bmb","bmb/bmad-module-builder/assets/setup-skill-template/scripts/cleanup-legacy.py","dd7ed76e40d042c7234a4a5091fb5e2dec4533a1a59f86cd47be5345fe7cc752"
"py","count_tokens","bmb","bmb/bmad-agent-builder/scripts/count_tokens.py","a9095cab1987c3479333bd8a56bef7a7ed32dc12312b4a2a3f5038264ba31eed"
"py","count_tokens","bmb","bmb/bmad-workflow-builder/scripts/count_tokens.py","bfc7c633f3791f7155b50bc6cd9d7134a8c5d366eed2c13504ef9f3c64611be6"
"py","init_skill","bmb","bmb/bmad-workflow-builder/scripts/init_skill.py","7145b627bc5ea3639dacc8d6d82a250468267fd0c3b17fb49b9e5c34c9d7a1c7"
"py","init-sanctum-template","bmb","bmb/bmad-agent-builder/assets/init-sanctum-template.py","e90475da8fd74d7bf907622ab9dd061b12a085a3e5e51f638a672f4a304aaa6d"
"py","memlog","bmb","bmb/bmad-agent-builder/scripts/memlog.py","8b91b8461969834c60aba7802cccc69d7747855974430e68244b5a2ee7dadfeb"
"py","memlog","bmb","bmb/bmad-workflow-builder/scripts/memlog.py","3d18f927cbee3a1b0b46c3d85447742359a09009dfd65819c5584c7142d38d04"
"py","merge-config","bmb","bmb/bmad-bmb-setup/scripts/merge-config.py","fcc3687bf6628279d4c035e29d2dc192163314aa217c425d905a5becc63b02c2"
"py","merge-config","bmb","bmb/bmad-module-builder/assets/setup-skill-template/scripts/merge-config.py","fcc3687bf6628279d4c035e29d2dc192163314aa217c425d905a5becc63b02c2"
"py","merge-config","bmb","bmb/bmad-module-builder/assets/standalone-module-template/merge-config.py","fcc3687bf6628279d4c035e29d2dc192163314aa217c425d905a5becc63b02c2"
"py","merge-help-csv","bmb","bmb/bmad-bmb-setup/scripts/merge-help-csv.py","a222fd5b9856fa2cca0d345f08fa1a50d7313f9c6bc97c6c3bd6fbf6a502a71a"
"py","merge-help-csv","bmb","bmb/bmad-module-builder/assets/setup-skill-template/scripts/merge-help-csv.py","a222fd5b9856fa2cca0d345f08fa1a50d7313f9c6bc97c6c3bd6fbf6a502a71a"
"py","merge-help-csv","bmb","bmb/bmad-module-builder/assets/standalone-module-template/merge-help-csv.py","a222fd5b9856fa2cca0d345f08fa1a50d7313f9c6bc97c6c3bd6fbf6a502a71a"
"py","prepass","bmb","bmb/bmad-agent-builder/scripts/prepass.py","673b226c05d72e3fad100d81f232ea0cd1c307f4931637ee46de910a6c7a4f12"
"py","prepass-prompt-metrics","bmb","bmb/bmad-workflow-builder/scripts/prepass-prompt-metrics.py","95ad3eb36e64850e25cacdd20abe93d4c995e56d6f80cdaefba2083ab0067894"
"py","prepass-workflow-integrity","bmb","bmb/bmad-workflow-builder/scripts/prepass-workflow-integrity.py","1beb181f4cc1acb6a35e740c147f30cdd1d1581f0de0256fc2d4977f3dfc9ff0"
"py","process-template","bmb","bmb/bmad-agent-builder/scripts/process-template.py","707424da4f8cd2056b3478e8f2d4e886a331bc9671badb8df97b4d2b3b784180"
"py","quick_validate","bmb","bmb/bmad-workflow-builder/scripts/quick_validate.py","155ea7de42dfa41aea65822b6b8ba9080ed9ed0e9b889c200f175203388deb03"
"py","render_report","bmb","bmb/bmad-agent-builder/scripts/render_report.py","1e0ee34db7daed29a33694b2559c8cca5f3cb80885d486d5364f1d93a6edb1cd"
"py","render_report","bmb","bmb/bmad-workflow-builder/scripts/render_report.py","1e0ee34db7daed29a33694b2559c8cca5f3cb80885d486d5364f1d93a6edb1cd"
"py","scaffold-setup-skill","bmb","bmb/bmad-module-builder/scripts/scaffold-setup-skill.py","b1df022164bb4c7e3e733a66e440637f255ddc8512ec43e4cb7206e3aae40532"
"py","scaffold-standalone-module","bmb","bmb/bmad-module-builder/scripts/scaffold-standalone-module.py","8efa8f264f300ef1242e01b1729290e2ded11f330a703af078b848850ae9edb3"
"py","scan-path-standards","bmb","bmb/bmad-agent-builder/scripts/scan-path-standards.py","a37fd299deda25e94e9a3b14d72504aa8c0ffdd3d22d83e4e5de1d6236c4cec2"
"py","scan-path-standards","bmb","bmb/bmad-workflow-builder/scripts/scan-path-standards.py","289f3b31b9260464f1b4de089ddb3a621b6d75b11c8e5ce24a660dafface9f60"
"py","scan-scripts","bmb","bmb/bmad-agent-builder/scripts/scan-scripts.py","73f3714d5d5f612b358ffec2cfb0282545d8b77bf562cd4b6072937059d97ca3"
"py","scan-scripts","bmb","bmb/bmad-workflow-builder/scripts/scan-scripts.py","1a6560996f7a45533dc688e7669b71405f5df031c4dfa7a14fc2fb8df2321a46"
"py","test_canon_sync","bmb","bmb/bmad-workflow-builder/scripts/tests/test_canon_sync.py","1e4e79d30fd0e4102b2c7a5256aacf844ae8330084a8fa7aa5b8b069e907d6d1"
"py","test_count_tokens","bmb","bmb/bmad-workflow-builder/scripts/tests/test_count_tokens.py","4f060f0f9d8b70312123e894e02d923502e885cf6b7ce42016cfe12befe4f720"
"py","test_memlog","bmb","bmb/bmad-workflow-builder/scripts/tests/test_memlog.py","d56f6a64458d8e695522902685c241be67a230eb13a513eeee271e498be70531"
"py","test_render_report","bmb","bmb/bmad-workflow-builder/scripts/tests/test_render_report.py","7ea463c10a3b9c85578334819dad92c6b36e260c8706495083c16ce343819f3e"
"py","test-scaffold-setup-skill","bmb","bmb/bmad-module-builder/scripts/tests/test-scaffold-setup-skill.py","f10d300453cbd509ff01886494986e7ef74d6d29534e6d5a4823e4244e83a38a"
"py","test-scaffold-standalone-module","bmb","bmb/bmad-module-builder/scripts/tests/test-scaffold-standalone-module.py","f2d9a2b67a94cb24c4b88d75650ae9b5e69a157886c4a4b15e5d2c09dc685935"
"py","test-validate-module","bmb","bmb/bmad-module-builder/scripts/tests/test-validate-module.py","a1280ff7030f3f458705b74645209f49b52368e34c208649e340980bc4191519"
"py","validate-module","bmb","bmb/bmad-module-builder/scripts/validate-module.py","76607e4f89ca6a1e388032dfefd929869e1c16ffd735beab8491a356d3694a71"
"py","wake-template","bmb","bmb/bmad-agent-builder/assets/wake-template.py","26bd10accb50560509a8758485ddc2ffa851666bcdbad1d4a6c36fa3d21d4668"
"toml","customize","bmb","bmb/bmad-agent-builder/customize.toml","3f0858771d1b98944c6a706fc5dd75cf0a6d71cd8cca8525f8c8aa3246f37063"
"toml","customize","bmb","bmb/bmad-workflow-builder/customize.toml","7912e3bc03723e439ddcd49b3511d35c3b017afe2441efa678147b0e1a2b39fb"
"toml","customize-template","bmb","bmb/bmad-agent-builder/assets/customize-template.toml","e14b5f3e579b3f6286e9255aa5c6f31ac747bd9512075d30586c7d84ca55938d"
"toml","customize-template","bmb","bmb/bmad-workflow-builder/assets/customize-template.toml","f25fdd902c6934b01dbf9dce6e8512bb2b6c0ce264d653dd4c7a561ad2a27890"
"toml","sample-customize-analyst","bmb","bmb/bmad-agent-builder/assets/sample-customize-analyst.toml","5a3f2e1cc7ed58011b4e2ce2ad4f086f8e1a2cea92221ae07e02011670d7a92c"
"toml","sample-customize-product-brief","bmb","bmb/bmad-workflow-builder/assets/sample-customize-product-brief.toml","5ebc868828797cf42fe4e23f389249295844a8bc0204d4b9b228f89ea963f410"
"yaml","config","bmb","bmb/config.yaml","8eb1cf750e188f29ee56f086a29b597732f04eea37ff2b750962ccb2a04501a3"
"yaml","module","bmb","bmb/bmad-bmb-setup/assets/module.yaml","d9cb53ff118c5c45d393b5a0f3498cdfc20d7f47acf491970157d36a7e9f5462"
"yaml","module","bmb","bmb/bmad-module-builder/assets/setup-skill-template/assets/module.yaml","9ebacf189dcd2e353509bfa0fa70c90b84d5fe749022a3571e5321598e1ae9fa"
"csv","documentation-requirements","bmm","bmm/1-analysis/bmad-document-project/documentation-requirements.csv","d1253b99e88250f2130516b56027ed706e643bfec3d99316727a4c6ec65c6c1d"
"csv","domain-complexity","bmm","bmm/3-solutioning/bmad-create-architecture/data/domain-complexity.csv","3dc34ed39f1fc79a51f7b8fc92087edb7cd85c4393a891d220f2e8dd5a101c70"
"csv","module-help","bmm","bmm/module-help.csv","44aeae5ba00ace308ebfba304548613b75c4ee4e9875e9a1afc9385689fbfe5f"
"csv","project-types","bmm","bmm/3-solutioning/bmad-create-architecture/data/project-types.csv","12343635a2f11343edb1d46906981d6f5e12b9cad2f612e13b09460b5e5106e7"
"html","validation-report-template","bmm","bmm/2-plan-workflows/bmad-prd/assets/validation-report-template.html","a80becdd8205d2d7c18738855830b096172a496b96b5ca8a0820ec55c9bb8bf9"
"html","validation-report-template","bmm","bmm/2-plan-workflows/bmad-ux/assets/validation-report-template.html","8656945636fabe96624f8ef8fce931b073b5aecbe42d490584c1d5c7f31e1353"
"json","bmad-manifest","bmm","bmm/1-analysis/bmad-prfaq/bmad-manifest.json","7908cab6f0cd66f1f3427b4cc659975b4737bdc44f789b23c6a895fcd084c4bc"
"json","project-scan-report-schema","bmm","bmm/1-analysis/bmad-document-project/templates/project-scan-report-schema.json","8466965321f1db22f5013869636199f67e0113706283c285a7ffbbf5efeea321"
"md","architecture-decision-template","bmm","bmm/3-solutioning/bmad-create-architecture/architecture-decision-template.md","5d9adf90c28df61031079280fd2e49998ec3b44fb3757c6a202cda353e172e9f"
"md","artifact-analyzer","bmm","bmm/1-analysis/bmad-prfaq/agents/artifact-analyzer.md","7bdc44830f8d593346ec0ee15e36e1e431432fcc6c38b70bb861999315c9cfa4"
"md","brief-template","bmm","bmm/1-analysis/bmad-product-brief/assets/brief-template.md","bb28edf75d023067551c8d417b19b8803324e7acfb2ad0c80f882e9134f4c1f1"
"md","case-file-template","bmm","bmm/4-implementation/bmad-investigate/references/case-file-template.md","9dccb41f3f3fc796b42411966e51b32c4231aaceb4b6bb1880a16225a990002e"
"md","checklist","bmm","bmm/1-analysis/bmad-document-project/checklist.md","581b0b034c25de17ac3678db2dbafedaeb113de37ddf15a4df6584cf2324a7d7"
"md","checklist","bmm","bmm/4-implementation/bmad-correct-course/checklist.md","3e082b95def90ccb876e3101ce0bbaf797a0f03a9471e1347361897f27977327"
"md","checklist","bmm","bmm/4-implementation/bmad-create-story/checklist.md","b94e28e774c3be0288f04ea163424bece4ddead5cd3f3680d1603ed07383323a"
"md","checklist","bmm","bmm/4-implementation/bmad-dev-story/checklist.md","630b68c6824a8785003a65553c1f335222b17be93b1bd80524c23b38bde1d8af"
"md","checklist","bmm","bmm/4-implementation/bmad-qa-generate-e2e-tests/checklist.md","b58f810aeb1040c2f6758c88aa133afce72f8cc178d3d97ff0fbaa3d943057dc"
"md","checklist","bmm","bmm/4-implementation/bmad-sprint-planning/checklist.md","80b10aedcf88ab1641b8e5f99c9a400c8fd9014f13ca65befc5c83992e367dd7"
"md","color-themes","bmm","bmm/2-plan-workflows/bmad-ux/assets/color-themes.md","48fac7943e8584ccf7dd1bcdfdfd4513366a086a3a84965b6b302ccf6607c171"
"md","compile-epic-context","bmm","bmm/4-implementation/bmad-quick-dev/compile-epic-context.md","5cfda02f252941e415b80c57b4528f46226b3cbf456ad45d78fcb5a7ef4816e2"
"md","creative-tools","bmm","bmm/2-plan-workflows/bmad-ux/references/creative-tools.md","adb3e976aa60ccb5d8c8a34294c70806c424ec784b6b532d8f9032b92caffa67"
"md","customer-faq","bmm","bmm/1-analysis/bmad-prfaq/references/customer-faq.md","96f8565197649c58908a1d61b6cd805fd01f57da7945ba889c18d087ad597aeb"
"md","deep-dive-instructions","bmm","bmm/1-analysis/bmad-document-project/workflows/deep-dive-instructions.md","a79e24b93a25ab456062916a9dad7b6a16dc43ac0b4b555700d3c3751cff0d25"
"md","deep-dive-template","bmm","bmm/1-analysis/bmad-document-project/templates/deep-dive-template.md","6198aa731d87d6a318b5b8d180fc29b9aa53ff0966e02391c17333818e94ffe9"
"md","deep-dive-workflow","bmm","bmm/1-analysis/bmad-document-project/workflows/deep-dive-workflow.md","a64d98dfa3b771df2853c4fa19a4e9c90d131e409e13b4c6f5e494d6ac715125"
"md","design-directions","bmm","bmm/2-plan-workflows/bmad-ux/assets/design-directions.md","a27225c4ebd80689d8f98c711c15ce8d525c0229bf7247591a7423f20ba88e74"
"md","design-example-editorial","bmm","bmm/2-plan-workflows/bmad-ux/assets/design-example-editorial.md","a659166845b1a4ed3f9aef942c5935537a97382b10303684fbb78ed86265870e"
"md","design-example-mobile","bmm","bmm/2-plan-workflows/bmad-ux/assets/design-example-mobile.md","a93fb9f114f2e83af0c961c0d7909b3859fc80bcd713715517cd639a53a0372a"
"md","design-example-shadcn","bmm","bmm/2-plan-workflows/bmad-ux/assets/design-example-shadcn.md","25e0dfb2bb21483973a8f0a6ed650288b3dc2ae5ed02aa0f091bb9b6b0b39fc0"
"md","design-md-spec","bmm","bmm/2-plan-workflows/bmad-ux/references/design-md-spec.md","d04d5f663607aba3f3181e818ae33856e6caf5e560dcb16fa64ed80b7cf3d590"
"md","discover-inputs","bmm","bmm/4-implementation/bmad-create-story/discover-inputs.md","dfedba6a8ea05c9a91c6d202c4b29ee3ea793d8ef77575034787ae0fef280507"
"md","epics-template","bmm","bmm/3-solutioning/bmad-create-epics-and-stories/templates/epics-template.md","a804f740155156d89661fa04e7a4264a8f712c4dc227c44fd8ae804a9b0f6b72"
"md","excalidraw-wireframe","bmm","bmm/2-plan-workflows/bmad-ux/assets/excalidraw-wireframe.md","660bbcdebff50cd044a3752eda43f3cb303aca4b0f521b55a270da93b89ddb18"
"md","experience-example-mobile","bmm","bmm/2-plan-workflows/bmad-ux/assets/experience-example-mobile.md","f8cd54c92193cd8c34a472df9c212ac7330976f6a115b729721dcb60034dc4f0"
"md","experience-example-shadcn","bmm","bmm/2-plan-workflows/bmad-ux/assets/experience-example-shadcn.md","d6ca16e87b768e8b41f352c02ee08af21d7cdac04ca21e6ae1556864b4d27590"
"md","explain-concept","bmm","bmm/1-analysis/bmad-agent-tech-writer/explain-concept.md","6ea82dbe4e41d4bb8880cbaa62d936e40cef18f8c038be73ae6e09c462abafc9"
"md","full-scan-instructions","bmm","bmm/1-analysis/bmad-document-project/workflows/full-scan-instructions.md","2235945df2ae261265187447ce593238e132a026a9b88d3507a1f1d6808a0263"
"md","full-scan-workflow","bmm","bmm/1-analysis/bmad-document-project/workflows/full-scan-workflow.md","3bff88a392c16602bd44730f32483505e73e65e46e82768809c13a0a5f55608b"
"md","generate-trail","bmm","bmm/4-implementation/bmad-checkpoint-preview/generate-trail.md","4a5936d86fbe5a85285b4535097b1e2edda8849da35586f4b588a982d7224459"
"md","headless","bmm","bmm/2-plan-workflows/bmad-prd/references/headless.md","79d2c05481f016b73bff0169a9fff4bb7f54608904c91c717b6b7627c5e63b48"
"md","headless","bmm","bmm/2-plan-workflows/bmad-ux/references/headless.md","26943a9482800603334a9eeb3f27363ac91d4061ae3ee67d32a0f78e1fe61c22"
"md","headless-schemas","bmm","bmm/2-plan-workflows/bmad-prd/assets/headless-schemas.md","66a5b1f0ce22c7baf3a6b6a14feb7458491b1106bef437389cd6291f81eebd7f"
"md","headless-schemas","bmm","bmm/2-plan-workflows/bmad-ux/assets/headless-schemas.md","ea85db9a686eb59cb62395b72ea6f27c8ff4205a17edb5b70d959c6ed16a8b94"
"md","index-template","bmm","bmm/1-analysis/bmad-document-project/templates/index-template.md","42c8a14f53088e4fda82f26a3fe41dc8a89d4bcb7a9659dd696136378b64ee90"
"md","instructions","bmm","bmm/1-analysis/bmad-document-project/instructions.md","9f4bc3a46559ffd44289b0d61a0f8f26f829783aa1c0e2a09dfa807fa93eb12f"
"md","internal-faq","bmm","bmm/1-analysis/bmad-prfaq/references/internal-faq.md","26eb83f844cda1ed8efb50f4703d61713ada8a64bd27eb387f759f858b5748de"
"md","key-screens","bmm","bmm/2-plan-workflows/bmad-ux/assets/key-screens.md","a546c6071f62ee4298c7ecb2b4d52e90d5db82dd65ed6a870787b2d54c0f9204"
"md","mermaid-gen","bmm","bmm/1-analysis/bmad-agent-tech-writer/mermaid-gen.md","1d83fcc5fa842bc31ecd9fd7e45fbf013fabcadf0022d3391fff5b53b48e4b5d"
"md","prd-template","bmm","bmm/2-plan-workflows/bmad-prd/assets/prd-template.md","41e77bd5c4ee81c3f383b55d6f515147afc9c4bd1a3317ddf55a9282deae495c"
"md","prd-validation-checklist","bmm","bmm/2-plan-workflows/bmad-prd/assets/prd-validation-checklist.md","41d9f09064772a92ec908d970618e47ba63dc86b5c5a1a21d5a2c676d3ba8e3f"
"md","press-release","bmm","bmm/1-analysis/bmad-prfaq/references/press-release.md","c406adb0e2d2cc326cbc45d0174f89d014523448ad82bc272293999d22aec596"
"md","prfaq-template","bmm","bmm/1-analysis/bmad-prfaq/assets/prfaq-template.md","b27e6964f0437ab4e78c8c0ffbe5052c28e3b3ef2fc811726cbb394d5a5c7559"
"md","project-context-template","bmm","bmm/3-solutioning/bmad-generate-project-context/project-context-template.md","54e351394ceceb0ac4b5b8135bb6295cf2c37f739c7fd11bb895ca16d79824a5"
"md","project-overview-template","bmm","bmm/1-analysis/bmad-document-project/templates/project-overview-template.md","a7c7325b75a5a678dca391b9b69b1e3409cfbe6da95e70443ed3ace164e287b2"
"md","readiness-report-template","bmm","bmm/3-solutioning/bmad-check-implementation-readiness/templates/readiness-report-template.md","0da97ab1e38818e642f36dc0ef24d2dae69fc6e0be59924dc2dbf44329738ff6"
"md","research.template","bmm","bmm/1-analysis/research/bmad-domain-research/research.template.md","507bb6729476246b1ca2fca4693986d286a33af5529b6cd5cb1b0bb5ea9926ce"
"md","research.template","bmm","bmm/1-analysis/research/bmad-market-research/research.template.md","507bb6729476246b1ca2fca4693986d286a33af5529b6cd5cb1b0bb5ea9926ce"
"md","research.template","bmm","bmm/1-analysis/research/bmad-technical-research/research.template.md","507bb6729476246b1ca2fca4693986d286a33af5529b6cd5cb1b0bb5ea9926ce"
"md","SKILL","bmm","bmm/1-analysis/bmad-agent-analyst/SKILL.md","fca38a404e79508ebc39235d0162bcb475b02407a913e3e5bd8c5526b2b261a6"
"md","SKILL","bmm","bmm/1-analysis/bmad-agent-tech-writer/SKILL.md","7544242ff68d0ddfd466274f40ae9f3b0ea06ee5f5f938f68f953e19b3598cd7"
"md","SKILL","bmm","bmm/1-analysis/bmad-document-project/SKILL.md","806d73f66a8f3f3e7b3cbd3b9a87ad4d8b9aabd3ff91f37c96edef36a17aa2b3"
"md","SKILL","bmm","bmm/1-analysis/bmad-prfaq/SKILL.md","42bbfe91af6826463c30dad6ba4038ebc755e8b3bc3d74b7853bd0432f4384c1"
"md","SKILL","bmm","bmm/1-analysis/bmad-product-brief/SKILL.md","1aa3756bf48864462970c53801cb5b39c12b525a3f8d9411e3d1f5e4b7afdb94"
"md","SKILL","bmm","bmm/1-analysis/research/bmad-domain-research/SKILL.md","2308f7e21f78d7f2ed43d560dbcdbfa2af236d6a81988495f28baf0e81a03206"
"md","SKILL","bmm","bmm/1-analysis/research/bmad-market-research/SKILL.md","13f2c2148061dc6688c4c9d81b5e5b98fbfe4d7294eba0daa0cac5b17f7a0593"
"md","SKILL","bmm","bmm/1-analysis/research/bmad-technical-research/SKILL.md","290c5aec88886a623f620e59e43090d11791b0fade357bae2b9de9ae510d3159"
"md","SKILL","bmm","bmm/2-plan-workflows/bmad-agent-pm/SKILL.md","e2ebea0bf6ee158fcb9e62731a185983f2ac59f664940f4f4320cf10e1bbdf92"
"md","SKILL","bmm","bmm/2-plan-workflows/bmad-agent-ux-designer/SKILL.md","d780ae59b9fb7e3a94c5ffe4ec75f90942d4a9a3944af4b36c2d279fdd7801db"
"md","SKILL","bmm","bmm/2-plan-workflows/bmad-create-prd/SKILL.md","143c5c2d85734021db343ff3dbf143e804eddbf9fb519fb824b70f1a9154767d"
"md","SKILL","bmm","bmm/2-plan-workflows/bmad-edit-prd/SKILL.md","31ecfe3c16513d994e44e648a7f2d4f4a6ccf297ca6c1826aa68ef7b053e7ff2"
"md","SKILL","bmm","bmm/2-plan-workflows/bmad-prd/SKILL.md","53e3212e2c3321b70dd05b29ac6b9089a0d7eeb345fd99d9d6439e1c294e85b2"
"md","SKILL","bmm","bmm/2-plan-workflows/bmad-ux/SKILL.md","e514708b3c56848ec9dece8845efc96d2cf3b36fb18c04ff464653cab1165a0c"
"md","SKILL","bmm","bmm/2-plan-workflows/bmad-validate-prd/SKILL.md","931439b8c84bc454d0596a1ad35d6583c1926c941f2928c54b31aea702c24b53"
"md","SKILL","bmm","bmm/3-solutioning/bmad-agent-architect/SKILL.md","82bbf22ff3a4571741c9339ae6b7c35676a6e26a3237ceca487abe85369e91a0"
"md","SKILL","bmm","bmm/3-solutioning/bmad-check-implementation-readiness/SKILL.md","a7e12eae2bdb5a95cc0534e6d5bf58e7ce4b947327a494d475ef98e67f03718a"
"md","SKILL","bmm","bmm/3-solutioning/bmad-create-architecture/SKILL.md","9863398b2a4e4603130d86f70b1e76bead4ffbf5b9883a12d9d57a925efdaed4"
"md","SKILL","bmm","bmm/3-solutioning/bmad-create-epics-and-stories/SKILL.md","4ec9ec255c2c0e97ae912342ae1445318e672aa1c2a9e412806b7d7ef7d5a6a7"
"md","SKILL","bmm","bmm/3-solutioning/bmad-generate-project-context/SKILL.md","f25e05d8c3923f331f96a73e6ba8bb8b055b5ca2aa548402a3b633141b8dea21"
"md","SKILL","bmm","bmm/4-implementation/bmad-agent-dev/SKILL.md","54ab6d9d60d7ed7e84d6510cf325734b66feb1b419131436672559584b4bf508"
"md","SKILL","bmm","bmm/4-implementation/bmad-checkpoint-preview/SKILL.md","34613078dbea9c55e45df016399328d8360579fd381301a5de78bb52c3597591"
"md","SKILL","bmm","bmm/4-implementation/bmad-code-review/SKILL.md","469e9478941710a1a752cac3e8c3c0e5f8828e63b27359a8c236d83d5deb4940"
"md","SKILL","bmm","bmm/4-implementation/bmad-correct-course/SKILL.md","5064ef2e7aedfb094bef912d5e4d6680318a1904d9bcdc7875d3dc16bb253ea4"
"md","SKILL","bmm","bmm/4-implementation/bmad-create-story/SKILL.md","23551a5b6ad1df44cd8020065d3ccbc8afafcb00961aca203a90d0584ea08190"
"md","SKILL","bmm","bmm/4-implementation/bmad-dev-story/SKILL.md","f12801307b157f04d2bde7da104e1ebde3f2898bd3a60326da928d5b9fc793ac"
"md","SKILL","bmm","bmm/4-implementation/bmad-investigate/SKILL.md","c544661dd73d01728c8de8c96622d16b8e8ffe423352f04b2093d5d4b6a0274a"
"md","SKILL","bmm","bmm/4-implementation/bmad-qa-generate-e2e-tests/SKILL.md","9e78729569b2dc8e24e5f8eb016a851c4efd5c1920e2c91e0e3175fc6899d98d"
"md","SKILL","bmm","bmm/4-implementation/bmad-quick-dev/SKILL.md","4c67bf5f805cd73c2a45587f24dcc88c2ea16fce7bfb53c1d9de1479763a5b68"
"md","SKILL","bmm","bmm/4-implementation/bmad-retrospective/SKILL.md","ced7497014942601a47c66193d0f2a6daf0c4da3d64c14691c5900a7fca4398e"
"md","SKILL","bmm","bmm/4-implementation/bmad-sprint-planning/SKILL.md","ee30e6b908ea266e308d51c4163d55dceb2913fb09359b647fe5533852572b60"
"md","SKILL","bmm","bmm/4-implementation/bmad-sprint-status/SKILL.md","1f4b2ff81d337101d836d3eb8e73998b0495423593675a688aee43cec23eebf1"
"md","source-tree-template","bmm","bmm/1-analysis/bmad-document-project/templates/source-tree-template.md","109bc335ebb22f932b37c24cdc777a351264191825444a4d147c9b82a1e2ad7a"
"md","spec-template","bmm","bmm/4-implementation/bmad-quick-dev/spec-template.md","3ee15d5a63cf5eeee74149c590668fc61d0e44023eac12988a1ca2a9438a9d39"
"md","step-01-clarify-and-route","bmm","bmm/4-implementation/bmad-quick-dev/step-01-clarify-and-route.md","b5eb9f0cecf2a462885b8e7b4c21abbaec1e95c8abbd76bc410d9090fd8379f0"
"md","step-01-discover","bmm","bmm/3-solutioning/bmad-generate-project-context/steps/step-01-discover.md","8b2c8c7375f8a3c28411250675a28c0d0a9174e6c4e67b3d53619888439c4613"
"md","step-01-document-discovery","bmm","bmm/3-solutioning/bmad-check-implementation-readiness/steps/step-01-document-discovery.md","c763b512d55906122433cb65c1bcd5b5b283e45eacdc07281c8ec7596b6b3980"
"md","step-01-gather-context","bmm","bmm/4-implementation/bmad-code-review/steps/step-01-gather-context.md","d0ee7558605e9d48b5b6f15d9b535542eb6d922613f529bb520326eacade4171"
"md","step-01-init","bmm","bmm/1-analysis/research/bmad-domain-research/domain-steps/step-01-init.md","efee243f13ef54401ded88f501967b8bc767460cec5561b2107fc03fe7b7eab1"
"md","step-01-init","bmm","bmm/1-analysis/research/bmad-market-research/steps/step-01-init.md","64d5501aea0c0005db23a0a4d9ee84cf4e9239f553c994ecc6b1356917967ccc"
"md","step-01-init","bmm","bmm/1-analysis/research/bmad-technical-research/technical-steps/step-01-init.md","c9a1627ecd26227e944375eb691e7ee6bc9f5db29a428a5d53e5d6aef8bb9697"
"md","step-01-init","bmm","bmm/3-solutioning/bmad-create-architecture/steps/step-01-init.md","5119205b712ebda0cd241c3daad217bb0f6fa9e6cb41d6635aec6b7fe83b838a"
"md","step-01-orientation","bmm","bmm/4-implementation/bmad-checkpoint-preview/step-01-orientation.md","d9e3b949c36d49a025f3535773af2b51888fe4ce616b6d6d69683a122716b1d2"
"md","step-01-validate-prerequisites","bmm","bmm/3-solutioning/bmad-create-epics-and-stories/steps/step-01-validate-prerequisites.md","5c2aabc871363d84fc2e12fd83a3889e9d752b6bd330e31a0067c96204dd4880"
"md","step-01b-continue","bmm","bmm/3-solutioning/bmad-create-architecture/steps/step-01b-continue.md","4bf216008297dcea25f8be693109cf17879c621865b302c994cdd15aa5124e5f"
"md","step-02-context","bmm","bmm/3-solutioning/bmad-create-architecture/steps/step-02-context.md","4381c5128de7d5c02ac806a1263e3965754bd2598954f3188219fbd87567e5c9"
"md","step-02-customer-behavior","bmm","bmm/1-analysis/research/bmad-market-research/steps/step-02-customer-behavior.md","bac4de244049f90d1f2eb95e2cc9389cc84966d9538077fef1ec9c35e4533849"
"md","step-02-design-epics","bmm","bmm/3-solutioning/bmad-create-epics-and-stories/steps/step-02-design-epics.md","7c66987808c1f84e853fe54b7aff26d209196d450b5644704110f124a15179bc"
"md","step-02-domain-analysis","bmm","bmm/1-analysis/research/bmad-domain-research/domain-steps/step-02-domain-analysis.md","385a288d9bbb0adf050bcce4da4dad198a9151822f9766900404636f2b0c7f9d"
"md","step-02-generate","bmm","bmm/3-solutioning/bmad-generate-project-context/steps/step-02-generate.md","b1f063edae66a74026b67a79a245cec7ee85438bafcacfc70dcf6006b495e060"
"md","step-02-plan","bmm","bmm/4-implementation/bmad-quick-dev/step-02-plan.md","72f4df415adceaaf554166983559e058c6a019d783d0f87cf42c401db3c5f52c"
"md","step-02-prd-analysis","bmm","bmm/3-solutioning/bmad-check-implementation-readiness/steps/step-02-prd-analysis.md","38be2bf4b924c0b5b395b57d68f685d790ade7b1a6c10993d3c550675f87d954"
"md","step-02-review","bmm","bmm/4-implementation/bmad-code-review/steps/step-02-review.md","1883758e0e91fba439497d04417f03d778f3f6fb12754f49aa8cfa5e15489f70"
"md","step-02-technical-overview","bmm","bmm/1-analysis/research/bmad-technical-research/technical-steps/step-02-technical-overview.md","9c7582241038b16280cddce86f2943216541275daf0a935dcab78f362904b305"
"md","step-02-walkthrough","bmm","bmm/4-implementation/bmad-checkpoint-preview/step-02-walkthrough.md","66cf893f8f968ee81034e9ccd8c20415692c3a8c23a9a143c2245fe6c800acdc"
"md","step-03-competitive-landscape","bmm","bmm/1-analysis/research/bmad-domain-research/domain-steps/step-03-competitive-landscape.md","f10aa088ba00c59491507f6519fb314139f8be6807958bb5fd1b66bff2267749"
"md","step-03-complete","bmm","bmm/3-solutioning/bmad-generate-project-context/steps/step-03-complete.md","e61463db76a8fa060411aa24127aee936d646b97564e9e2a883494ea50e68464"
"md","step-03-create-stories","bmm","bmm/3-solutioning/bmad-create-epics-and-stories/steps/step-03-create-stories.md","c5b787a82e4e49ed9cd9c028321ee1689f32b8cd69d89eea609b37cd3d481afc"
"md","step-03-customer-pain-points","bmm","bmm/1-analysis/research/bmad-market-research/steps/step-03-customer-pain-points.md","5b2418ccaaa89291c593efed0311b3895faad1e9181800d382da823a8eb1312a"
"md","step-03-detail-pass","bmm","bmm/4-implementation/bmad-checkpoint-preview/step-03-detail-pass.md","d48163b9f305f15af57729a8443142e47beb6c3e977554afe12b39ee49cb9fc0"
"md","step-03-epic-coverage-validation","bmm","bmm/3-solutioning/bmad-check-implementation-readiness/steps/step-03-epic-coverage-validation.md","7b187f03a47cba0325fcfd10240410db9c59d93768342fc2dd3de2a01ec23356"
"md","step-03-implement","bmm","bmm/4-implementation/bmad-quick-dev/step-03-implement.md","4d848865eafe5eeba7d83529c766bd410a9cc20a05de1d6a764954c7275b4749"
"md","step-03-integration-patterns","bmm","bmm/1-analysis/research/bmad-technical-research/technical-steps/step-03-integration-patterns.md","005d517a2f962e2172e26b23d10d5e6684c7736c0d3982e27b2e72d905814ad9"
"md","step-03-starter","bmm","bmm/3-solutioning/bmad-create-architecture/steps/step-03-starter.md","b7727e0f37bc5325e15abad1c54bef716d617df423336090189efd1d307a0b3f"
"md","step-03-triage","bmm","bmm/4-implementation/bmad-code-review/steps/step-03-triage.md","91eaa27f6a167702ead00da9e93565c9bff79dce92c02eccbca61b1d1ed39a80"
"md","step-04-architectural-patterns","bmm","bmm/1-analysis/research/bmad-technical-research/technical-steps/step-04-architectural-patterns.md","4636f23e9c585a7a0c90437a660609d913f16362c3557fc2e71d408d6b9f46ce"
"md","step-04-customer-decisions","bmm","bmm/1-analysis/research/bmad-market-research/steps/step-04-customer-decisions.md","f0bc25f2179b7490e7a6704159a32fc9e83ab616022355ed53acfe8e2f7059d5"
"md","step-04-decisions","bmm","bmm/3-solutioning/bmad-create-architecture/steps/step-04-decisions.md","7fc0ebb63ab5ad0efc470f1063c15f14f52f5d855da2382fd17576cf060a8763"
"md","step-04-final-validation","bmm","bmm/3-solutioning/bmad-create-epics-and-stories/steps/step-04-final-validation.md","6b83fcf177c24c6b43c2eb0df2efc1430cb0f357b3ab20ee8a5c5483c3fee079"
"md","step-04-present","bmm","bmm/4-implementation/bmad-code-review/steps/step-04-present.md","eee5687e9d7da9a0aeffd78180b8289fca804fc2d59896db5f65a8dd476e4869"
"md","step-04-regulatory-focus","bmm","bmm/1-analysis/research/bmad-domain-research/domain-steps/step-04-regulatory-focus.md","d22035529efe91993e698b4ebf297bf2e7593eb41d185a661c357a8afc08977b"
"md","step-04-review","bmm","bmm/4-implementation/bmad-quick-dev/step-04-review.md","e62a50a37ab20eb426f5abd44179dfac51548707b5e85e6fe7817c144cbe3dae"
"md","step-04-testing","bmm","bmm/4-implementation/bmad-checkpoint-preview/step-04-testing.md","28a56e868968ea2d18add0df8c4bccced0f94b698e218df3d45ddac072ce369c"
"md","step-04-ux-alignment","bmm","bmm/3-solutioning/bmad-check-implementation-readiness/steps/step-04-ux-alignment.md","f71e5f0d77615e885ae40fdee6b04c1dd6e472c871f87b515fe869cb5f6966fb"
"md","step-05-competitive-analysis","bmm","bmm/1-analysis/research/bmad-market-research/steps/step-05-competitive-analysis.md","17532051ad232cfc859f09ac3b44f9f4d542eb24cff8d07317126ccdff0d225a"
"md","step-05-epic-quality-review","bmm","bmm/3-solutioning/bmad-check-implementation-readiness/steps/step-05-epic-quality-review.md","d8a84e57f4e3a321734b5b5d093458ceb1e338744f18954c5a204f5ce3576185"
"md","step-05-implementation-research","bmm","bmm/1-analysis/research/bmad-technical-research/technical-steps/step-05-implementation-research.md","e2b8a2c79bcebadc85f3823145980fa47d7e7be8d1c112f686c6223c8c138608"
"md","step-05-patterns","bmm","bmm/3-solutioning/bmad-create-architecture/steps/step-05-patterns.md","3c80aba507aa46893ef43f07c5c321b985632ef57abc82d5ee93c3d9c2911134"
"md","step-05-present","bmm","bmm/4-implementation/bmad-quick-dev/step-05-present.md","ea49ce8703d4946ec54a59ff428d52ad64ab2649f49c43230bec1f3d09e85b55"
"md","step-05-technical-trends","bmm","bmm/1-analysis/research/bmad-domain-research/domain-steps/step-05-technical-trends.md","fd6c577010171679f630805eb76e09daf823c2b9770eb716986d01f351ce1fb4"
"md","step-05-wrapup","bmm","bmm/4-implementation/bmad-checkpoint-preview/step-05-wrapup.md","c2d4dbc17fed4f8ecbfcb09a2f9c77f0d4562bd27397270e2c27ba37cf4fe073"
"md","step-06-final-assessment","bmm","bmm/3-solutioning/bmad-check-implementation-readiness/steps/step-06-final-assessment.md","1b9c8c2a21950f85e052e05309bfcb3bfe38157ba6fca402ccf37444e7f1cee3"
"md","step-06-research-completion","bmm","bmm/1-analysis/research/bmad-market-research/steps/step-06-research-completion.md","4f5d3158a8462656d6959d29544ed5c92cb925641e2205e47af05c124fcd7666"
"md","step-06-research-synthesis","bmm","bmm/1-analysis/research/bmad-domain-research/domain-steps/step-06-research-synthesis.md","805f2cb7005a4fb0c4da52ea38d45de863f3e840e0f2de1456c414831cdbdf59"
"md","step-06-research-synthesis","bmm","bmm/1-analysis/research/bmad-technical-research/technical-steps/step-06-research-synthesis.md","64d9303ef0c9ce839dc3b2d72e94e3e5b4673e82dc7fc9f1571bd0b03b3a43a7"
"md","step-06-structure","bmm","bmm/3-solutioning/bmad-create-architecture/steps/step-06-structure.md","f8333ca290b62849c1e2eb2f770b46705b09fe0322217b699b13be047efdd03e"
"md","step-07-validation","bmm","bmm/3-solutioning/bmad-create-architecture/steps/step-07-validation.md","dde4cd93a3015011da9a8a3237aafa2d15d0935205686231e58bf7064f81cc28"
"md","step-08-complete","bmm","bmm/3-solutioning/bmad-create-architecture/steps/step-08-complete.md","6466e5196be63e9e21b81d6fed45f1ff547d6ac739271201d6180febc857473d"
"md","step-oneshot","bmm","bmm/4-implementation/bmad-quick-dev/step-oneshot.md","d68648848bb8277f5b762c3528c2aa42122268037b97d252a8f4faf4edb2830e"
"md","sync-sprint-status","bmm","bmm/4-implementation/bmad-quick-dev/sync-sprint-status.md","c0f2fdb940984206a4b7aa2467fbcb7c4811f648634e43a488593974e9efff5e"
"md","template","bmm","bmm/4-implementation/bmad-create-story/template.md","29ba697368d77e88e88d0e7ac78caf7a78785a7dcfc291082aa96a62948afb67"
"md","validate","bmm","bmm/2-plan-workflows/bmad-prd/references/validate.md","689387606f3df71641a619e42d2841c815de1e05f8ceb87d2198383e3cb0f98b"
"md","validate","bmm","bmm/2-plan-workflows/bmad-ux/references/validate.md","a9863cdcfd74edb0a34189594df46a5c3a2f08ab2524257f6a38342ec0a6cead"
"md","validate-doc","bmm","bmm/1-analysis/bmad-agent-tech-writer/validate-doc.md","3b8d25f60be191716266726393f2d44b77262301b785a801631083b610d6acc5"
"md","verdict","bmm","bmm/1-analysis/bmad-prfaq/references/verdict.md","1a1cbc34090114d3a2b928456edec1563b73d84fea66c58e98780bf680f172ec"
"md","web-researcher","bmm","bmm/1-analysis/bmad-prfaq/agents/web-researcher.md","6e9127bb9bd3e4b15c701e4ced9eef328769262cd34eadc221bebe954c1f3aef"
"md","write-document","bmm","bmm/1-analysis/bmad-agent-tech-writer/write-document.md","c0ddfd981f765b82cba0921dad331cd1fa32bacdeea1f02320edfd60a0ae7e6f"
"toml","customize","bmm","bmm/1-analysis/bmad-agent-analyst/customize.toml","7191f4a60ada7dbabe083699b2461f35778af7688924dc6ce05911cf1ffc9054"
"toml","customize","bmm","bmm/1-analysis/bmad-agent-tech-writer/customize.toml","bb828f2d26a136870099226f07c61297ce88ddd335823b7549592932bbe14a2e"
"toml","customize","bmm","bmm/1-analysis/bmad-document-project/customize.toml","3bbb5044fafdd865a5fe0863df116a479f30de7fb95c9cf4213f0b87ba1ba924"
"toml","customize","bmm","bmm/1-analysis/bmad-prfaq/customize.toml","8994f925bab65bd310e5ab38781286b6137f3e0c9e89f3ab8a2f480eb05e0de5"
"toml","customize","bmm","bmm/1-analysis/bmad-product-brief/customize.toml","cdd7b417de5b280ab5bd3af65f69654b05980b5efb48077563827c16391f42d6"
"toml","customize","bmm","bmm/1-analysis/research/bmad-domain-research/customize.toml","462ef14dc1e1f6d145fdfe25e315168fd1fa278ea5f87fe0fa86689234daec2f"
"toml","customize","bmm","bmm/1-analysis/research/bmad-market-research/customize.toml","f47af9158893dd3f7ab81ac03cb07d8c76342eead61ec7c9a8a463066b7db9af"
"toml","customize","bmm","bmm/1-analysis/research/bmad-technical-research/customize.toml","7f567fddb04674f817398addbc06e6d1620883d89dcc7ac643c5a56eef5ac337"
"toml","customize","bmm","bmm/2-plan-workflows/bmad-agent-pm/customize.toml","afc2250de25241ac3577c9827e1ee62d8c7a1913de8eb23aadfffb0aadbadc37"
"toml","customize","bmm","bmm/2-plan-workflows/bmad-agent-ux-designer/customize.toml","3df7da44945f9df34dbb3a64de086c756e6c298e73078e388e8f9a4f57cbf7ab"
"toml","customize","bmm","bmm/2-plan-workflows/bmad-create-prd/customize.toml","0c990af4c0a755402abbef893850bd542744a8b6f36c0587c9f3fb6dab6bf5e7"
"toml","customize","bmm","bmm/2-plan-workflows/bmad-edit-prd/customize.toml","35cc2dfb3eda73a0ae4dc987cac58867b25c43ce5c5a1bf552e215826ede6c22"
"toml","customize","bmm","bmm/2-plan-workflows/bmad-prd/customize.toml","c30f48939b558a0e7e4c0a4d4f6eb08e50bad4464ca64c652247d114a398d459"
"toml","customize","bmm","bmm/2-plan-workflows/bmad-ux/customize.toml","1f1d7754ea7bba38d1dc3702f60eac50ceba4f515f61e296dab2f0d14281aa84"
"toml","customize","bmm","bmm/2-plan-workflows/bmad-validate-prd/customize.toml","bfb3c8af5b81b2cdb9bb84f844f1b0dafc40d8c283effa6ad48db966b9446cef"
"toml","customize","bmm","bmm/3-solutioning/bmad-agent-architect/customize.toml","32e8074896a569ce59e4db62ab3b4af396798b8fa50c67449a5d90c2a7a7e074"
"toml","customize","bmm","bmm/3-solutioning/bmad-check-implementation-readiness/customize.toml","571d81087b7a6d914cf7c2f21aa26354eac385bb2f5cfeabc591892cbb98d036"
"toml","customize","bmm","bmm/3-solutioning/bmad-create-architecture/customize.toml","618be49b0286f18dfb4b6bac3d96bf1cf062994fa5278cd327be9898e651b43c"
"toml","customize","bmm","bmm/3-solutioning/bmad-create-epics-and-stories/customize.toml","da9e43605bc6aec83173050b5d37ede6aebfa9a17c5959a5029681d73e744ba3"
"toml","customize","bmm","bmm/3-solutioning/bmad-generate-project-context/customize.toml","00b6e893b93a1be7c04408f1824dad72c2c43ee02ba29210725e34394bf8225e"
"toml","customize","bmm","bmm/4-implementation/bmad-agent-dev/customize.toml","b56c0af68e2234dc57d9ebe765049ebd9df9e24909d0d9b2b4b12ddefe5291a7"
"toml","customize","bmm","bmm/4-implementation/bmad-checkpoint-preview/customize.toml","1a1e0c3a8914adda3cec925eed51287e067c7f84120de64a8df53348e7b77de5"
"toml","customize","bmm","bmm/4-implementation/bmad-code-review/customize.toml","94ad662fdf3fda372c6e24b2cbda629d0b2aa851097d02afb5905c768b1a1cde"
"toml","customize","bmm","bmm/4-implementation/bmad-correct-course/customize.toml","78095d25afb5b2d4844956f61e9ac640a62d0245174fab9406e9c289f33fd84b"
"toml","customize","bmm","bmm/4-implementation/bmad-create-story/customize.toml","1204f6de064436922f2813069778eb4eaa5f1f945aa8ea5a5ffb87897a2ba8fe"
"toml","customize","bmm","bmm/4-implementation/bmad-dev-story/customize.toml","592fa7948c4614609a59b152518f518d35e0178d6aa7c22e169d78157fd9f5aa"
"toml","customize","bmm","bmm/4-implementation/bmad-investigate/customize.toml","7ec009a4a0a9b476de98de99938f58e319dc6f410b9176910c9ed725e80519e1"
"toml","customize","bmm","bmm/4-implementation/bmad-qa-generate-e2e-tests/customize.toml","04a99926b2d79318b927434c7344dc666f143026ed99c7fcc0d6e3d68263ae66"
"toml","customize","bmm","bmm/4-implementation/bmad-quick-dev/customize.toml","5ba463713de51762eb381be787cbd657932333b808be370d851fc3e40f139e2f"
"toml","customize","bmm","bmm/4-implementation/bmad-retrospective/customize.toml","0b032c342129732820ca2db386d2d5e26d033d8ac296388fc9f2e78765fab9fb"
"toml","customize","bmm","bmm/4-implementation/bmad-sprint-planning/customize.toml","f7bde2f792e8604f26122ee792c5493e270710296044b07680db7d90e886caf3"
"toml","customize","bmm","bmm/4-implementation/bmad-sprint-status/customize.toml","96261fd227befaa4685b0a5091d3e85299d4ae8e4404176b42f5ef2e2fb501bd"
"yaml","config","bmm","bmm/config.yaml","0676dad31670e3ef5754f78637d7e816572096907c5603d58e71044d16edf60e"
"yaml","sprint-status-template","bmm","bmm/4-implementation/bmad-sprint-planning/sprint-status-template.yaml","deeec135d875b107618dd41278349689b5f3dcb5894d7509909417a570f46fd9"
"toml","config","config.toml","config.toml","1877a0a8f30d53742e28a9d04c093598f65d5d3287e6255004e17e379a3ebd00"
"toml","config.user","config.user.toml","config.user.toml","f5335e45e29a77d80b7bcb76dfe14c45d8e213f61421964f655c6272a3e77e5a"
"csv","brain-methods","core","core/bmad-brainstorming/brain-methods.csv","0ab5878b1dbc9e3fa98cb72abfc3920a586b9e2b42609211bb0516eefd542039"
"csv","methods","core","core/bmad-advanced-elicitation/methods.csv","168ffcedd12bf987b087773b12c783126bb7ba64018b54752b89ee67c16dfa84"
"csv","module-help","core","core/module-help.csv","ad3511e78826fc17447262fb585af19848e3002291715736308f9fff5b993bd5"
"md","headless-schemas","core","core/bmad-spec/assets/headless-schemas.md","85c94b15dc1f836967f0628ec36e65547b392074b5cf2ecf92b252765fbd1da6"
"md","SKILL","core","core/bmad-advanced-elicitation/SKILL.md","705cc827cab892855d07dcc926f5c9f749c3abab33e915d6ac1574aec174896b"
"md","SKILL","core","core/bmad-brainstorming/SKILL.md","f4a2c22b40ed34cdbd3282dd6161a3b869902f3bc75b58e181fc9faf78eedd9d"
"md","SKILL","core","core/bmad-customize/SKILL.md","6461073f9322f5f2ec64477d6ae5e79c601e36e3160e492fef4bc2d928d4a9a8"
"md","SKILL","core","core/bmad-editorial-review-prose/SKILL.md","b3687fe80567378627bc2a0c5034ae8d65dfeedcf2b6c90da077f4feca462d0c"
"md","SKILL","core","core/bmad-editorial-review-structure/SKILL.md","164444359d74f695a84faf7ea558d0eef39c75561e6b26669f97a165c6f75538"
"md","SKILL","core","core/bmad-help/SKILL.md","a766c6bd76bcfc4a49a683417440d39978a2e10bb5618dfd469fff03f96b4b4d"
"md","SKILL","core","core/bmad-index-docs/SKILL.md","a855d7060414e73ca4fe8e1a3e1cc4d0f2ce394846e52340bdf5a1317e0d234a"
"md","SKILL","core","core/bmad-party-mode/SKILL.md","bd13fd6cb0b0c61d215e4c394cf4b7cac3a465394c3918f4dc14910513ddb898"
"md","SKILL","core","core/bmad-review-adversarial-general/SKILL.md","7bffc39e6dba4d9123648c5d4d79e17c3c5b1efbd927c3fe0026c2dbb8d99cff"
"md","SKILL","core","core/bmad-review-edge-case-hunter/SKILL.md","f49ed9976f46b4cefa1fc8b4f0a495f16089905e6a7bbf4ce73b8f05c9ae3ee6"
"md","SKILL","core","core/bmad-shard-doc/SKILL.md","3a1538536514725fd4f31aded280ee56b9645fc61d114fd94aacb3ac52304e52"
"md","SKILL","core","core/bmad-spec/SKILL.md","13ecac915925d6786150ae312019220a6efcb8e94b9a883f095dce7e54f263ee"
"md","spec-template","core","core/bmad-spec/assets/spec-template.md","0385e0b3ad589b8af366cdce928a1e430d9afb8c5242c2ae8d887e0bade7f412"
"md","step-01-session-setup","core","core/bmad-brainstorming/steps/step-01-session-setup.md","7fd2aed9527ccdf35fc86bd4c9b27b4a530b5cfdfb90ae2b7385d3185bcd60bc"
"md","step-01b-continue","core","core/bmad-brainstorming/steps/step-01b-continue.md","49f8d78290291f974432bc8e8fce340de58ed62aa946e9e3182858bf63829920"
"md","step-02a-user-selected","core","core/bmad-brainstorming/steps/step-02a-user-selected.md","7ff3bca27286d17902ecea890494599796633e24a25ea6b31bbd6c3d2e54eba2"
"md","step-02b-ai-recommended","core","core/bmad-brainstorming/steps/step-02b-ai-recommended.md","cb77b810e0c98e080b4378999f0e250bacba4fb74c1bcb0a144cffe9989d2cbd"
"md","step-02c-random-selection","core","core/bmad-brainstorming/steps/step-02c-random-selection.md","91c6e16213911a231a41b1a55be7c939e7bbcd1463bd49cb03b5b669a90c0868"
"md","step-02d-progressive-flow","core","core/bmad-brainstorming/steps/step-02d-progressive-flow.md","6b6fbbd34bcf334d79f09e8c36ed3c9d55ddd3ebb8f8f77aa892643d1a4e3436"
"md","step-03-technique-execution","core","core/bmad-brainstorming/steps/step-03-technique-execution.md","3600f54c8d3d529f80627cf00f50168f4312ae44981909fc26bd7f5d425fab81"
"md","step-04-idea-organization","core","core/bmad-brainstorming/steps/step-04-idea-organization.md","acb7eb6a54161213bb916cabf7d0d5084316704e792a880968fc340855cdcbbb"
"md","template","core","core/bmad-brainstorming/template.md","5c99d76963eb5fc21db96c5a68f39711dca7c6ed30e4f7d22aedee9e8bb964f9"
"md","workflow","core","core/bmad-brainstorming/workflow.md","971d306262c303c3d63e2d2183c2963abc71acb72fa0964160be95a809a4a0d9"
"py","list_customizable_skills","core","core/bmad-customize/scripts/list_customizable_skills.py","8787f542930b927789e7fdf12bc5a67ff08e19865903a5ad05ff2cc8fc426b66"
"py","test_list_customizable_skills","core","core/bmad-customize/scripts/tests/test_list_customizable_skills.py","b55fc2e454f245753874f359c18ade9f3ad04debd66176c6e6bf3e403ca9c812"
"toml","customize","core","core/bmad-spec/customize.toml","b0181ba5d4038feb779a7a082a265df753220f868b66b5adb0fb2ed18401c763"
"yaml","config","core","core/config.yaml","4c488e04562eb91ce989c36ac62c62c47dd5c8ba110462e0d761bdd566ba7aac"
"csv","module-help","dw","dw/bmad-agent-dream-weaver/assets/module-help.csv","e3c2bd43e5b6245cfebe360c644c6584f431fc0eed172b2956a14a59c3dc5a4d"
"csv","module-help","dw","dw/module-help.csv","e3c2bd43e5b6245cfebe360c644c6584f431fc0eed172b2956a14a59c3dc5a4d"
"md","dream-interpret","dw","dw/bmad-agent-dream-weaver/references/dream-interpret.md","8ec90b0398318384d15f28275910f80e2d1ad17913712dc94be4420718181d1d"
"md","dream-log","dw","dw/bmad-agent-dream-weaver/references/dream-log.md","9b33d9c817dc310adefa010b46865a99e15d15bc1c02bc1e96dc08d4b73a6cc9"
"md","dream-query","dw","dw/bmad-agent-dream-weaver/references/dream-query.md","6f69a500f6ba6784236701b728b3828af52d04c25d49e4cd395c68556b048468"
"md","dream-seed","dw","dw/bmad-agent-dream-weaver/references/dream-seed.md","f64c289354640f66a57787612116350d457dfb85f97b90935fa63fc513e7b77e"
"md","init","dw","dw/bmad-agent-dream-weaver/references/init.md","7e1f6d793639234b60c530fbb00d10230911f7696f244a5e5c8ad1518fb038bd"
"md","lucid-coach","dw","dw/bmad-agent-dream-weaver/references/lucid-coach.md","83d2296170533114933694855b99ab417dc2ea2f32364a285e84db159f3639b6"
"md","memory-system","dw","dw/bmad-agent-dream-weaver/references/memory-system.md","7ce44f4c5fefcb0b959dd4fb15d643438c106cf4bd34432801cc20a2b11a81df"
"md","module-setup","dw","dw/bmad-agent-dream-weaver/assets/module-setup.md","5c2d8ff6bf73b78514816b4af89db1341bcae0d88072ef01e5c07b5fcfb7aaf5"
"md","pattern-discovery","dw","dw/bmad-agent-dream-weaver/references/pattern-discovery.md","2baad920f241761a0eb19432895bf3b2dfe0c0967d97ca4aca3c61928219593d"
"md","pulse-wake","dw","dw/bmad-agent-dream-weaver/references/pulse-wake.md","6a444cc2ea947cdffe283eb212565746d79c24994e776024009c235f940d4777"
"md","recall-training","dw","dw/bmad-agent-dream-weaver/references/recall-training.md","1e26b1e5e0f5da77f6901ddabf707bd4a9d06ec77bddc235729a4bde52cae7d3"
"md","save-memory","dw","dw/bmad-agent-dream-weaver/references/save-memory.md","cee9911382db6eb052bdf31cb4add480511a1198ab0a6eb2abaaea05a5bd87b6"
"md","SKILL","dw","dw/bmad-agent-dream-weaver/SKILL.md","a297e7d7fd7f1f4627fc6367f7e99adc23bd4f42a83acc0580e50c15927ae7b9"
"py","merge-config","dw","dw/bmad-agent-dream-weaver/scripts/merge-config.py","fcc3687bf6628279d4c035e29d2dc192163314aa217c425d905a5becc63b02c2"
"py","merge-help-csv","dw","dw/bmad-agent-dream-weaver/scripts/merge-help-csv.py","a222fd5b9856fa2cca0d345f08fa1a50d7313f9c6bc97c6c3bd6fbf6a502a71a"
"py","recall_metrics","dw","dw/bmad-agent-dream-weaver/scripts/recall_metrics.py","581f65e0d7c70e93f7fe67b103c100016464a1c3c308d18dc2ce62d4a0efad8d"
"py","seed_tracker","dw","dw/bmad-agent-dream-weaver/scripts/seed_tracker.py","a40b41af6adc294900a3d40e8d54d04d2357168452057b0f1a984c9cfeef5ed6"
"py","symbol_stats","dw","dw/bmad-agent-dream-weaver/scripts/symbol_stats.py","cb0b2719d3351f285eb7f48ee4c3c222eda5df9c4022d0df56f8bb3aa0c37c53"
"py","test_recall_metrics","dw","dw/bmad-agent-dream-weaver/scripts/tests/test_recall_metrics.py","db10297b3c0c26a2108106ffc1e136443c123c9ccd7f6110ff2fa5bbe194b78a"
"py","test_seed_tracker","dw","dw/bmad-agent-dream-weaver/scripts/tests/test_seed_tracker.py","c00f8ffc72629ee31e8b328ebe3152a5cb174ceaa99289f0066ec46427f039ed"
"py","test_symbol_stats","dw","dw/bmad-agent-dream-weaver/scripts/tests/test_symbol_stats.py","287405265796de00b95f68f85206fc2c65a4c36857a98322025b51756b6ff956"
"yaml","config","dw","dw/config.yaml","b7702c06131282a3e84ca4a9737859678e6f49055736fb0664426cf88dcc5a91"
"yaml","module","dw","dw/bmad-agent-dream-weaver/assets/module.yaml","b45f4ab3a69f8dc47dcfcae78cde64945e55ea38c544ab4f5a7b6bce8ba6d9ef"
"csv","module-help","mplo","mplo/mm-plo-orchestrator/assets/module-help.csv","fd0776d97206695f03da6373d2e8d0c035bbc3f7eb87caccf76545138b6b752c"
"csv","module-help","mplo","mplo/module-help.csv","fd0776d97206695f03da6373d2e8d0c035bbc3f7eb87caccf76545138b6b752c"
"md",".decision-log","mplo","mplo/mm-plo-orchestrator/references/.decision-log.md","e59f2b6a1243e466f14e8f83f3d1f2aaca32e7a0b4e2ae499198ddb05cf37ae2"
"md","module-setup","mplo","mplo/mm-plo-orchestrator/assets/module-setup.md","be8bdd2d6b6497e0ff560eb7846a3013067351560a073068e25e2f4486189d4b"
"md","SKILL","mplo","mplo/mm-plo-orchestrator/SKILL.md","86a4aa522043616434aba04bf48e3feef21b1c3938d4b47b0cf18566fe0425df"
"py","merge-config","mplo","mplo/mm-plo-orchestrator/scripts/merge-config.py","56f9e79cbdf236083a4afb156944945cc47b0eea355a881f1ee433d9664a660d"
"py","merge-help-csv","mplo","mplo/mm-plo-orchestrator/scripts/merge-help-csv.py","f30cd4c3a2c66153c54a6574caf0d1de82bbdad0ebe219f6cc16afb982873968"
"toml","customize","mplo","mplo/mm-plo-orchestrator/customize.toml","dcd6185357516e401cbf557260ef7cc38638939c987d8e5376b51ab32eaf12ba"
"yaml","config","mplo","mplo/config.yaml","1bf55b6f8fe5a5fc42711ecdb589b2951e720c625ed1dfc1d776f7c04c7f290c"
"yaml","module","mplo","mplo/mm-plo-orchestrator/assets/module.yaml","2987172f9282d666286e8d1373e99961d875b52ecee9aa9572384eab883d5f95"
"csv","module-help","sam","sam/bmad-agent-dream-weaver/assets/module-help.csv","e3c2bd43e5b6245cfebe360c644c6584f431fc0eed172b2956a14a59c3dc5a4d"
"csv","module-help","sam","sam/sample-module-setup/assets/module-help.csv","d74fa4ef06594dbf481ef4ff53524c4c29477ac8352c4b343003822111b95e77"
"csv","module-help","sam","sam/module-help.csv","d74fa4ef06594dbf481ef4ff53524c4c29477ac8352c4b343003822111b95e77"
"md","BOND-template","sam","sam/bmad-agent-code-coach/assets/BOND-template.md","7ac2bb2d68579dd1bd1a8d80171e954251ed7c5ed395a8e37a6b24157f1e927a"
"md","BOND-template","sam","sam/bmad-agent-creative-muse/assets/BOND-template.md","a6fdd8e50fc6b68b7caf4d7b58909b29ffeb91df623835862d62a2b56075e303"
"md","BOND-template","sam","sam/bmad-agent-sentinel/assets/BOND-template.md","537b7e74419b03ddf6446ce7de4fdafe837576bf42a7b83aa97b761c11bbb100"
"md","brainstorm","sam","sam/bmad-agent-creative-muse/references/brainstorm.md","89fa50211cc54b0ff375d216303464cd781ce5ddaeace21cf9f89a5549625ea5"
"md","brainstorm-techniques","sam","sam/bmad-agent-creative-muse/references/brainstorm-techniques.md","f9e359f86b0caee2a607aa725698ea5d3739e385b965a0b6d00e7dba8840e2b6"
"md","CAPABILITIES-template","sam","sam/bmad-agent-code-coach/assets/CAPABILITIES-template.md","26ccda1ab3795b75d121d3f2046ffac94dee8f8f717721c45c7828ef830871c2"
"md","CAPABILITIES-template","sam","sam/bmad-agent-sentinel/assets/CAPABILITIES-template.md","b2cdf18fc340ae88641c01851c0fdd9f5b883e738b45268b02891b33b123359e"
"md","capability-authoring","sam","sam/bmad-agent-code-coach/references/capability-authoring.md","7dd2393ab105e32d626909b09fd74bc3929a38aefbbc3af74c0754db3e9ffd6b"
"md","capability-authoring","sam","sam/bmad-agent-creative-muse/references/capability-authoring.md","c188394fe5c1fbe0998e4d03c1e4a13f251708eb6eea41efde4a02cac62d356e"
"md","capability-authoring","sam","sam/bmad-agent-sentinel/references/capability-authoring.md","8447d485edd9d62d4ca11533d25ae0c716ba2b952d15618e74a8143f671821b8"
"md","code-review","sam","sam/bmad-agent-code-coach/references/code-review.md","61872d5b311876e75e8bb3fa09a9d23a300aede17660e1044026890b7ad122aa"
"md","creative-challenge","sam","sam/bmad-agent-creative-muse/references/creative-challenge.md","d93dcff29920ea6cd85b49aa409fb99be5e24d244b187fc5e67eae1c4dfe4570"
"md","CREED-template","sam","sam/bmad-agent-code-coach/assets/CREED-template.md","9a32ff52ca957b206b9ae63df0a32874fad175c04c6591ac92e463c66f911b4d"
"md","CREED-template","sam","sam/bmad-agent-creative-muse/assets/CREED-template.md","2a91cb908566fcd3d581d5be5ebaba36ef987170c69204e14e63f7954dad5990"
"md","CREED-template","sam","sam/bmad-agent-sentinel/assets/CREED-template.md","f5d9ddbf57143a837ca69100a1406cb76f46d2f5fed5425c7102664434d359af"
"md","decision-stress-test","sam","sam/bmad-agent-sentinel/references/decision-stress-test.md","994a4de368c772004f34c5572eaf244cd95d03f5a3d383d255e2e2435aa7a2b7"
"md","diagram-generation","sam","sam/bmad-excalidraw/references/diagram-generation.md","c09af87009b54946e57162e59e7a9c70a6e60a1e373ddff916491f6b9d7b0b78"
"md","diagram-review","sam","sam/bmad-agent-diagram-reviewer/references/diagram-review.md","a9e69a0f8e3fb0d74228d4bcc2c460aa7e5040a010e1fe941b7131866583c9eb"
"md","diagram-types","sam","sam/bmad-excalidraw/references/diagram-types.md","e73e2af2a9110094dd2b8b8a1d89c81a519d6b1c44ae0211f19758221e4ad7e9"
"md","dream-interpret","sam","sam/bmad-agent-dream-weaver/references/dream-interpret.md","8ec90b0398318384d15f28275910f80e2d1ad17913712dc94be4420718181d1d"
"md","dream-log","sam","sam/bmad-agent-dream-weaver/references/dream-log.md","9b33d9c817dc310adefa010b46865a99e15d15bc1c02bc1e96dc08d4b73a6cc9"
"md","dream-query","sam","sam/bmad-agent-dream-weaver/references/dream-query.md","6f69a500f6ba6784236701b728b3828af52d04c25d49e4cd395c68556b048468"
"md","dream-seed","sam","sam/bmad-agent-dream-weaver/references/dream-seed.md","f64c289354640f66a57787612116350d457dfb85f97b90935fa63fc513e7b77e"
"md","excalidraw-schema","sam","sam/bmad-excalidraw/references/excalidraw-schema.md","96909a67ae02daaa38e4f8b75022248eac1782947ab7050f7eb072f1d5c7f85b"
"md","execution-accountability","sam","sam/bmad-agent-sentinel/references/execution-accountability.md","8060dfafaa8f4f7ea8c35a0834accd3e80dcf903f533f601b46c31a284b5f30e"
"md","first-breath","sam","sam/bmad-agent-code-coach/references/first-breath.md","bf74fb0a4bab08d2796d15a57c474811715236a61b95a14f67f45b5970f2cbe9"
"md","first-breath","sam","sam/bmad-agent-creative-muse/references/first-breath.md","e43a95835ac3594e30caa9af3115dc3cfbb411d3a4e7f240389347b073c1eb92"
"md","first-breath","sam","sam/bmad-agent-sentinel/references/first-breath.md","3f0c82b0baaa93a3d61ed1d2aae4b095f38ba7694f2e229d20d4e533d21c9603"
"md","guided-design","sam","sam/bmad-excalidraw/references/guided-design.md","e7eecee2415ca113a2e82a30e6bfe82dc74237a87b833a4d7776f50cfa7b8792"
"md","INDEX-template","sam","sam/bmad-agent-code-coach/assets/INDEX-template.md","49aadde9a049fa3a196bf20e333179702ba7735d1c24002287f758bdbb31ead1"
"md","INDEX-template","sam","sam/bmad-agent-creative-muse/assets/INDEX-template.md","ed20053bacd44260993549d4129cf8b639668625722579fd96e620c17ba22519"
"md","INDEX-template","sam","sam/bmad-agent-sentinel/assets/INDEX-template.md","ebeb0a89df80e4cbaced829a90b4dd66701bd3f8023530948f7b4f4f51e64f2d"
"md","init","sam","sam/bmad-agent-dream-weaver/references/init.md","7e1f6d793639234b60c530fbb00d10230911f7696f244a5e5c8ad1518fb038bd"
"md","learning-path","sam","sam/bmad-agent-code-coach/references/learning-path.md","a01f508ede1ee74b6052730919e5b483fef1740b16c48508ded24f09d1fc101b"
"md","lucid-coach","sam","sam/bmad-agent-dream-weaver/references/lucid-coach.md","83d2296170533114933694855b99ab417dc2ea2f32364a285e84db159f3639b6"
"md","memory-guidance","sam","sam/bmad-agent-code-coach/references/memory-guidance.md","c8278f6e902e0b12d2b935b1cea96cff8ef2f4bdb677fc0b478a4061cf34af19"
"md","memory-guidance","sam","sam/bmad-agent-creative-muse/references/memory-guidance.md","a2c74c7c3a5adef0571d2cb6eea1c4524d5b8ea3026699ce3f6270546b68b02e"
"md","memory-guidance","sam","sam/bmad-agent-sentinel/references/memory-guidance.md","0630f2cf2670df94cb03faa020d151e51872d195d532f70aec4e56deb253c8aa"
"md","memory-system","sam","sam/bmad-agent-dream-weaver/references/memory-system.md","7ce44f4c5fefcb0b959dd4fb15d643438c106cf4bd34432801cc20a2b11a81df"
"md","MEMORY-template","sam","sam/bmad-agent-code-coach/assets/MEMORY-template.md","cf5dfef0ebd246609a831378483fbb2c5ab890b83c0ac0ff81511dd6befd185b"
"md","MEMORY-template","sam","sam/bmad-agent-creative-muse/assets/MEMORY-template.md","17527537efa3dbeff1fb5faa0e24f211490aa3e40b3dc75f9361c9ad8ff74b6d"
"md","MEMORY-template","sam","sam/bmad-agent-sentinel/assets/MEMORY-template.md","12816fb50cf43efb01b8cb8b2aa3ab6b054ec5bf98b412eacbce4fc97723f12e"
"md","module-setup","sam","sam/bmad-agent-dream-weaver/assets/module-setup.md","5c2d8ff6bf73b78514816b4af89db1341bcae0d88072ef01e5c07b5fcfb7aaf5"
"md","pair-program","sam","sam/bmad-agent-code-coach/references/pair-program.md","805c3d4bd232d1527e86d568ef5451d8cb3ccb0e1fd612ca1c2cbbd329dafd18"
"md","pattern-discovery","sam","sam/bmad-agent-dream-weaver/references/pattern-discovery.md","2baad920f241761a0eb19432895bf3b2dfe0c0967d97ca4aca3c61928219593d"
"md","PERSONA-template","sam","sam/bmad-agent-code-coach/assets/PERSONA-template.md","ac13a7efa952951e759cfb5c49ed261aa3a7023b523481a871ce2aac4a0d7d8d"
"md","PERSONA-template","sam","sam/bmad-agent-creative-muse/assets/PERSONA-template.md","fa3ed3681655a5631f58fea6850198b2df4e8d9ab933a2b089561e8a507ebe54"
"md","PERSONA-template","sam","sam/bmad-agent-sentinel/assets/PERSONA-template.md","fded98fe1b2d7d906a0daad84b3dfbbedfdd4f99d91472d670ff48d488c85ce7"
"md","PLAN","sam","sam/bmad-agent-creative-muse/PLAN.md","28d2a01c1bd8dd530ee3a2b60b8ae5122369da9a3e5d7b6cbaf5f7c2a4a62955"
"md","potential-catalyst","sam","sam/bmad-agent-sentinel/references/potential-catalyst.md","e1061f386a944abcc7ea58acbe10f62ae9a26bb44671c92b5fcea03225dd6a33"
"md","principles-forge","sam","sam/bmad-agent-sentinel/references/principles-forge.md","96b6cce6310f377f58175a14206eb1e5a8f493e0cc36314cf53ac9e60644ba53"
"md","problem-solve","sam","sam/bmad-agent-creative-muse/references/problem-solve.md","2f95bf518ca931793686ee7260a6f2527010694bdcc535dc10d61d785e6b891b"
"md","problem-solve-methods","sam","sam/bmad-agent-creative-muse/references/problem-solve-methods.md","be512682905e7f727833c579c64433a7ddcf7c6189458c9cf124d4e97295e45a"
"md","PULSE-template","sam","sam/bmad-agent-code-coach/assets/PULSE-template.md","b7d8a0ff44e6845cb4deb142fcfefac8f148bb07745b3380a5c23af9d2a38e0a"
"md","PULSE-template","sam","sam/bmad-agent-creative-muse/assets/PULSE-template.md","ecc443b17bea4d3731a9d5821b798237b1b569af52015cd153298c20eb6327b5"
"md","PULSE-template","sam","sam/bmad-agent-sentinel/assets/PULSE-template.md","5dea5dc8d72d65d723bf98e2d4a089387b55c3fbde93ef995fc64b60af1b13f2"
"md","pulse-wake","sam","sam/bmad-agent-dream-weaver/references/pulse-wake.md","6a444cc2ea947cdffe283eb212565746d79c24994e776024009c235f940d4777"
"md","recall-training","sam","sam/bmad-agent-dream-weaver/references/recall-training.md","1e26b1e5e0f5da77f6901ddabf707bd4a9d06ec77bddc235729a4bde52cae7d3"
"md","risk-radar","sam","sam/bmad-agent-sentinel/references/risk-radar.md","d29a672630993ec992c62a41bfe55beb48ff28834aa19bda966ee11e482a79ea"
"md","save-memory","sam","sam/bmad-agent-dream-weaver/references/save-memory.md","cee9911382db6eb052bdf31cb4add480511a1198ab0a6eb2abaaea05a5bd87b6"
"md","SKILL","sam","sam/bmad-agent-code-coach/SKILL.md","1d0f301d8105885b3f1ce6c65ca5597a78bfaa95ac64e4a713b186819fd30839"
"md","SKILL","sam","sam/bmad-agent-creative-muse/SKILL.md","389a05d49add99b7d23b8175a4cb8bb7fdc72d9c3e1b9f8bfbadfe6bea101d79"
"md","SKILL","sam","sam/bmad-agent-diagram-reviewer/SKILL.md","07c6a002de730f95993a5d15779c13576484eb89cb9e1ab691202cf59f30a97b"
"md","SKILL","sam","sam/bmad-agent-dream-weaver/SKILL.md","a297e7d7fd7f1f4627fc6367f7e99adc23bd4f42a83acc0580e50c15927ae7b9"
"md","SKILL","sam","sam/bmad-agent-sentinel/SKILL.md","bdd36616100efff789dccfcccd7d72ed845893e064ede7c309e6f4f4e24f6b78"
"md","SKILL","sam","sam/bmad-excalidraw/SKILL.md","f7cda6537bc6d1d9f7f24e5659cd0d2880b090ea1d35754c6aa12e5b0bb131c8"
"md","SKILL","sam","sam/sample-module-setup/SKILL.md","78b519c45ec0bef8721310345b199011611a69f2d75cc4dfc4eae6d0e015c473"
"md","story-craft","sam","sam/bmad-agent-creative-muse/references/story-craft.md","bad0a995e253e86fe21611c9cdc55ccc30254a13dca06092b85c4419dd3f63f1"
"md","story-craft-frameworks","sam","sam/bmad-agent-creative-muse/references/story-craft-frameworks.md","1ec1c9c2da365e4173a4114ae4496e1acf212fa26e15c79e23169940e81e2702"
"md","strategic-inflection-sensing","sam","sam/bmad-agent-sentinel/references/strategic-inflection-sensing.md","f23af91f659cd921a8792b56e70fec23bd5977c5d6951408b139f1d0969ca530"
"py","cleanup-legacy","sam","sam/sample-module-setup/scripts/cleanup-legacy.py","dd7ed76e40d042c7234a4a5091fb5e2dec4533a1a59f86cd47be5345fe7cc752"
"py","generate_excalidraw","sam","sam/bmad-excalidraw/scripts/generate_excalidraw.py","ff6474af5e13529fc23710b969b9318715ba40c6fe395f6296e7148fc0b25744"
"py","init-sanctum","sam","sam/bmad-agent-code-coach/scripts/init-sanctum.py","47af008fd0565a9a3fecee86d806c058430c7f5c2d34595b9f78ad12a7535732"
"py","init-sanctum","sam","sam/bmad-agent-creative-muse/scripts/init-sanctum.py","4d5213424fc1d46f8ce308d615d8255b20932c3ade47ef83b773fa452c431d79"
"py","init-sanctum","sam","sam/bmad-agent-sentinel/scripts/init-sanctum.py","53af26a75d5dba315d496b5662d34659fdaf3362f633fcef853243a5ddb24a67"
"py","merge-config","sam","sam/bmad-agent-dream-weaver/scripts/merge-config.py","fcc3687bf6628279d4c035e29d2dc192163314aa217c425d905a5becc63b02c2"
"py","merge-config","sam","sam/sample-module-setup/scripts/merge-config.py","fcc3687bf6628279d4c035e29d2dc192163314aa217c425d905a5becc63b02c2"
"py","merge-help-csv","sam","sam/bmad-agent-dream-weaver/scripts/merge-help-csv.py","a222fd5b9856fa2cca0d345f08fa1a50d7313f9c6bc97c6c3bd6fbf6a502a71a"
"py","merge-help-csv","sam","sam/sample-module-setup/scripts/merge-help-csv.py","a222fd5b9856fa2cca0d345f08fa1a50d7313f9c6bc97c6c3bd6fbf6a502a71a"
"py","recall_metrics","sam","sam/bmad-agent-dream-weaver/scripts/recall_metrics.py","581f65e0d7c70e93f7fe67b103c100016464a1c3c308d18dc2ce62d4a0efad8d"
"py","seed_tracker","sam","sam/bmad-agent-dream-weaver/scripts/seed_tracker.py","a40b41af6adc294900a3d40e8d54d04d2357168452057b0f1a984c9cfeef5ed6"
"py","symbol_stats","sam","sam/bmad-agent-dream-weaver/scripts/symbol_stats.py","cb0b2719d3351f285eb7f48ee4c3c222eda5df9c4022d0df56f8bb3aa0c37c53"
"py","test_generate_excalidraw","sam","sam/bmad-excalidraw/scripts/tests/test_generate_excalidraw.py","8ce04f5dbe38b791be98945af5a58243241ca3885f33d3a9be5b8de1cf11d21c"
"py","test_recall_metrics","sam","sam/bmad-agent-dream-weaver/scripts/tests/test_recall_metrics.py","db10297b3c0c26a2108106ffc1e136443c123c9ccd7f6110ff2fa5bbe194b78a"
"py","test_seed_tracker","sam","sam/bmad-agent-dream-weaver/scripts/tests/test_seed_tracker.py","c00f8ffc72629ee31e8b328ebe3152a5cb174ceaa99289f0066ec46427f039ed"
"py","test_symbol_stats","sam","sam/bmad-agent-dream-weaver/scripts/tests/test_symbol_stats.py","287405265796de00b95f68f85206fc2c65a4c36857a98322025b51756b6ff956"
"py","test_validate_excalidraw","sam","sam/bmad-excalidraw/scripts/tests/test_validate_excalidraw.py","67dfd64b86e8f9518ed5f01fc24b303f6ceb86ff78dd04a375256d8384add818"
"py","test-init-sanctum","sam","sam/bmad-agent-sentinel/scripts/tests/test-init-sanctum.py","abcf1912874e3d4ec3c6ffefb55f834fb6066a766f1acd6e743f71b76904d682"
"py","validate_excalidraw","sam","sam/bmad-excalidraw/scripts/validate_excalidraw.py","4059142ac023fc580a875a6c0d60d5791b34d4aac3548a22b32fb024be110156"
"py","wake","sam","sam/bmad-agent-code-coach/scripts/wake.py","9adec950a7869355e692857ef1b8d4c8e57095a2b46cc0342b73186be898590c"
"py","wake","sam","sam/bmad-agent-creative-muse/scripts/wake.py","74f101430dce8696ae222076f2e9f2f7d398abc4667e00b9e7706243c1f3c396"
"py","wake","sam","sam/bmad-agent-sentinel/scripts/wake.py","c2921ede4cc8282b7f9f6fe40a5861dd5c70ef9323443977dc87037dd98db1e9"
"yaml","config","sam","sam/config.yaml","7c040d8701fdd64b69d36e0e7341b16ecd95165d3d1b96babc4672c1e08ffea2"
"yaml","module","sam","sam/bmad-agent-dream-weaver/assets/module.yaml","b45f4ab3a69f8dc47dcfcae78cde64945e55ea38c544ab4f5a7b6bce8ba6d9ef"
"yaml","module","sam","sam/sample-module-setup/assets/module.yaml","b3419399b29e2cf0032fd1bd29c9cd7aae737653b4782b80a950f0ef5fefc41f"
"py","resolve_config","scripts","scripts/resolve_config.py","8e326149d9170477ecc21aa2aa2389d8fbaa5d1cd95db2de2ad33029ce8ae528"
"py","resolve_customization","scripts","scripts/resolve_customization.py","a56abc64ffc8924f8ded95562c7ef3f6d7f1b18f0724289fd3b95fda3567dab4"
"py","test_resolve_customization","scripts","scripts/tests/test_resolve_customization.py","3c93a68544b28e10c08fe4f8c24f296926e69bf142ace13d1c30867e3283c4cb"
